district;lat;lon
gpon даниловский;55.707253;37.643517
академический;55.689739;37.576771
басманный;55.767281;37.669773
Бирюлево Восточное;55.596121;37.675255
Бирюлево Западное;55.587986;37.636319
Братеево;55.635925;37.761922
выхино;55.715644;37.817923
гагаринский;55.703461;37.569942
даниловский;55.707253;37.643517
Домодедово;55.440065;37.773187
донской;55.705227;37.601639
замоскворечье;55.735716;37.634572
зюзино;55.653142;37.586746
Зябликово;55.612235;37.745179
Кашира;54.857674;38.189413
котловка;55.676086;37.595093
кузьминки;55.698921;37.771549
лефортово;55.757401;37.704933
Москворечье - Сабурово;55.642865;37.670347
нагатино - садовники;55.674612;37.645481
нагатинский затон;55.682346;37.705917
нагорный;55.670368;37.616360
нижегородский;55.729923;37.716480
Орехово Борисово Северное;55.619223;37.701102
Орехово Борисово Южное;55.603885;37.729895
рязанский;55.722183;37.768830
Ступино;54.909026;38.078962
таганский;55.741572;37.667063
текстильщики;55.708814;37.731504
хамовники;55.729229;37.572948
Царицыно;55.621481;37.669238
южнопортовый;55.714406;37.676923
